index,public_private,region,prefecture,affiliation,institute_head,name_of_laboratory,lab_head,electricity_existence,principle_source,group_or_other_emergency_source,type_of_protection,ele_obs,total_staff,1,2,3,4,5,shipping_packaging_available,ship_obs,patients_per_day,centrifuge,centrifuge_func,centrifuge_why,temp_2-8,fridge_func,phone,phone_obs,fax,fax_obs,computer,computer_obs,internet,internet_obs,latitude,longitude,tdr_palu,tdr_hiv,widal_fever,hb_sahli_hemoglobin,list_of_all_exams,hierarchy,pdiag_hiv,pdiag_palu,pdiag_widal,pdiag_hb_sahli,pcomm,pship,network_pdiag_hiv,network_pdiag_palu,network_pdiag_widal,network_pdiag_hb_sahli,training
0,public,boke,boffa,hp,Dr.James YOUNG,hp labs boffa,Conte Yaya,1,Solar energy,Yes,Taken from the ground,,23,Biochemistry,Bacteriology,Hematology,Parasitology,serology,Yes,Triple packaging,27,2,1 Yes 1 No,vetuste,2,No,0,,0,,0,,0,,10.178,-14.031,1,1,0,0,"Urinalysis; frotis vaginal; BK; CSF; semen analysis; pregnancy test; GLUCOSE; albuminerie; glucourie; GE; microfilaria; stool HB, TE; NFS blood grouping; hematocrit; BW; Widal; Aslo, hepatitis B and C",Guinea.boke.boffa.hp_labs_boffa,0,1,1,1,0,1,0,0,0,0,biochemistry;bacteriology;hematology;parasitology;serology
1,public,boke,fria,cs,Dr.Deborah THOMPSON,cs lab sabende,Marie Juliette Sylla,1,Generator,Yes,Stabilizer,No power by public network ,29,Bacteriology ,serology,sample Transport,Hematology,Parasitology,No,No,87,0,,,0,,0,,0,,0,,0,,10.370727,-13.584125,0,0,1,1,TDR / Palu; Widal; glucose; Aslo; BW; HBsAg; HIV; Hb (sally); urinary sediment; stools,Guinea.boke.fria.cs_lab_sabende,0,0,1,1,0,0,0,1,1,1,bacteriology;serology;sample transport;hematology;parasitology
2,public,boke,fria,hp,Dr.Karen BROWN,biomedical lab and blood transfusion fria,Dr. Ramata Doukouré,0,Generator,Yes,"Other or combination (specify in ""comments"")","UPS, stabilizer; there are solar panels but only blood bank; féquentes cuts",28,Bacteriology,Biochemistry,Immunology,Hematology,Parasitology,No,No,60,1,Yes,,1,No,0,,0,,1,,0,,10.370727,-13.584125,1,0,1,1,"Hb; NFS; VS; TC; TS Saddles GE; Search microfilariae; TE; sputum, vaginal secretions, urine cultures; Glucose; creatinine urea; transaminase; cholesterol HIV RPR; Aslo; Widal; HBsAg; CD4; blood grouping",Guinea.boke.fria.biomedical_lab_and_blood_transfusion_fria,0,1,1,1,0,1,1,1,1,1,bacteriology;biochemistry;immunology;hematology;parasitology
3,mining company,boke,boke,hospital,Dr.Joseph WHITE,laboratory hospital anaim kamsar,Dr. Kova Zoumanigui / Acting,1,Other,Yes,"Other or combination (specify in ""comments"")",ups; lightning rod stabilizers; ground terminal,2,Hematology,biochemistry,Bacteriology (Antimicrobial),sero immunology,molecular biology,No,No,31,2,Yes,,6,Yes,0,,0,,1,,0,,10.665213,-14.603128,0,0,1,0,"Urea glucose: uric acid, creatinine, cholesterol and fractions; calcium; alkaline phosphatase, acid phosphatase, transaminases, bilirubin, total protein, albumin, blood typing; thick film; microfilaria; stools chemistry urine; LCR ANTIBIOGRAM; Hepatitis b and c; PSA; troponin; A1C; BLOOD COUNT cmplet; Hemostasis; stools; drop thick; Widal; ASLO; syphilis; Toxoplasmosis; RUBEOL; .crp; biochemistry of hormones; Spermogram",Guinea.boke.boke.laboratory_hospital_anaim_kamsar,1,0,1,0,1,1,0,1,1,0,hematology;biochemistry;bacteriology (antimicrobial);sero-immunology;molecular biology
4,public,boke,boke,cs,Dr.Stephanie LEE,cs lab kassapo,Moussa Camara Kindia,0,public network,Yes,Stabilizer,,10,Biochemistry,Hematology,Bacteriology,Lab Management,Sample,No,No,68,0,,,0,,0,,0,,0,,0,,10.66526,-14586066,0,1,1,1,"Widal, HIV TDR, TDR Palu, hemoglobin, erythrocyte sedimentation rate, blood glucose, aslo, RPR, proteinuria, emmel test",Guinea.boke.boke.cs_lab_kassapo,1,0,1,1,1,0,1,1,1,1,biochemistry;hematology;bacteriology;lab management;sample
5,public,boke,boke,cs,Dr.Dorothy SCOTT,cs lab dibia,Thierno Aboubacar Baldé,0,Other,No,Any,No source of energy so that the lab only works day,26,Sample,HIV screening,Hematology,Bacteriology,Biochemistry,No,No,54,1,Yes,,0,,0,,0,,0,,0,,10.934619,-14.291773,1,1,1,0,"TDR malaria and HIV, Hb; stool microscopy, TE, Widal, RPR, microscopic examination of vaginal secretions, urine sediment, Aslo, Blood Glucose, Pregnancy Test, Albumin",Guinea.boke.boke.cs_lab_dibia,0,0,0,0,1,0,0,0,0,0,sample;hiv screening;hematology;bacteriology;biochemistry
6,public,boke,boke,hr,Dr.Susan LOPEZ,hr boke lab,Sekou Camara Naba,1,public network,Yes,"Other or combination (specify in ""comments"")","Stabilsateur, lightning rod",2,Biochemistry,Parasitology,Blood transfusion,Bacteriology,Hematology,Yes,Triple packaging,83,2,1 Yes 1 No,antiquated,2,Yes,0,,0,,1,Nonfunctional,0,,10.94,-14.29,1,1,1,1,"Hb, NFS, Tc Ts, TE, blood Goupage, GE, stool microscopy, microfilaria search, albumin, Aslo, Toxoplasmosis, RPR, Vidal, TDR HbS, urinary sediment, vaginal smears, CSF",Guinea.boke.boke.hr_boke_lab,1,1,1,1,0,1,1,1,1,0,biochemistry;parasitology;blood transfusion;bacteriology;hematology
7,public,boke,gaoual,hp,Dr.Amanda HILL,hp labs gaoual,Thierno Aliou Sow,1,Solar energy,Yes,"Other or combination (specify in ""comments"")","Stabilizer, lightning rod",27,Blood transfusion,biosecurity,serology,Bacteriology,Hematology,No,No,59,2,1 Yes 1 No,,3,No,0,,0,,0,,0,,11.76368,-13.200053,0,1,0,0,"Stool microfilaria research thick Drop, HB, NFS, VS, TE, TC, TS, glucose, urine sediment, pregnancy test, HIV TDR, TDR hepatitis B, RPR, Widal",Guinea.boke.gaoual.hp_labs_gaoual,1,0,1,1,0,0,0,1,0,1,blood transfusion;biosecurity;serology;bacteriology;hematology
8,public,boke,koundara,cs,Dr.Thomas WHITE,cs lab saraboido,Diakité Mandé,0,Other,No,Any,No source of energy,31,serology,Hematology,Biochemistry,Bacteriology,Parasitology,No,No,23,0,,,0,,0,,0,,0,,0,,12.403208,-13.5283,0,0,1,0,"HIV, Glucose, Hb, albumin in the urine, stool examination (if microscope works)",Guinea.boke.koundara.cs_lab_saraboido,1,1,0,1,0,0,1,1,0,1,serology;hematology;biochemistry;bacteriology;parasitology
9,public,boke,koundara,hp,Dr.George BAKER,hp labs koundara,Barry Mamadou Oury,0,Solar energy,Yes,"Other or combination (specify in ""comments"")","UPS, stabilizer, lightning rod; generator failed, a panel is just the fridge",26,Bacteriology,Biochemistry,Hematology,Parasitology,serology,No,Existence of coolers,40,3,"Other (specify in ""comments"")",electric current causes lack inoperative electrical centrifugieuses,3,1 Yes 1 No,0,,0,,0,,0,,12.491184,-13.295664,0,0,1,0,"NFS, urinalysis, biochemistry urine, sputum, stool microscopy, glucose, Aslo, Widal, TDR HIV, pregnancy test, LCR, GE, semen analysis, vaginal smear",Guinea.boke.koundara.hp_labs_koundara,0.25,0.25,0.25,0.25,0,0.25,0.25,0.25,0.25,0.25,bacteriology;biochemistry;hematology;parasitology;serology
10,mining company,boke,fria,hospital,Dr.Barbara WHITE,laboratory hospital rusal fria,Dr. Hadja Kadiatou Diallo,1,public network,Yes,"Other or combination (specify in ""comments"")",ups; lightning rod stabilizers; ground terminal,20,bacteriology,biochemistry,Hematology,Parasitology,serology,No,No,71,2,Yes,,1,Yes,1,non-functional because of the stop of the plant,0,,1,,0,,,,1,1,0,1,"Urea glucose: uric acid, creatinine, cholesterol and fractions; calcium; alkaline phosphatase, acid phosphatase, transaminases, bilirubin, total protein, albumin, blood typing; thick film; microfilaria; stools chemistry urine; LCR ANTIBIOGRAM; Hepatitis B and C; hemoculture; Hemostasis; electrophoresis lhemoglobine; complete electrolytes, serum iron, Gamma GT, cytological analysis of breast milk",Guinea.boke.fria.laboratory_hospital_rusal_fria,1,0,1,0,1,0,0,1,1,0,bacteriology;biochemistry;hematology;parasitology;serology
11,mining company,boke,boke,dispensary,Dr.Daniel WILSON,laboratory clinic cbg sangaredi,Barry Sanou,1,Other,Yes,"Other or combination (specify in ""comments"")",ups; lightning rod stabilizers; ground terminal,26,Hematology,Bacciloscopie tuberculosis,Bacteriology (Antimicrobial),sero immunology,biochemistry,Yes,triple packaging,23,1,Yes,,5,Yes,1,,0,,1,,0,,,,1,1,1,0,"Glucose; urea: uric acid, creatinine, cholesterol and fractions; calcium; alkaline phosphatase, acid phosphatase, transaminases, bilirubin, total protein, albumin, blood typing; thick film; microfilaria; stools chemistry urine; LCR ANTIBIOGRAM; Hepatitis B and C Widal; ASLO; HIV; paludienne Serology; amylase; chemistry panel; NFS with constant erythrocyte",Guinea.boke.boke.laboratory_clinic_cbg_sangaredi,1,0,1,0,1,1,0,1,0.5,0,hematology;bacciloscopie tuberculosis;bacteriology (antimicrobial);sero-immunology;biochemistry
12,private,boke,fria,clinical,Dr.Brian GONZALEZ,clinical lab hafia djama,El Simakan. Mamy,0,Any,No,Any,They receive only the current nights,28,Biochemistry,,,,,No,No,69,0,N / A,,0,N / A,0,,0,,0,,0,,,,1,1,0,1,,Guinea.boke.fria.clinical_lab_hafia_djama,0,0,0,1,0,0,1,0,0,1,biochemistry
13,public,boke,boke,ssa,Dr.Jennifer WILLIAMS,laboratory bab boke,master alpha boubacar diallo,1,public network,NR,Any,,18,serology,Parasitology,biochemistry,Blood transfusion ,Hematology,No,No,73,0,N / A,,0,N / A,0,,0,,0,,0,,,,1,1,1,1,N / A,Guinea.boke.boke.laboratory_bab_boke,0,0,0,0,0,0,0,0,0,0,serology;parasitology;biochemistry;blood transfusion;hematology
14,public,conakry,kaloum commune,cmc,Dr.Michelle LOPEZ,cmc lab bk,Dr. Alsény Yattara,1,public network,No,"Other or combination (specify in ""comments"")","Stabilizers, earthing",10,Biochemistry,Hematology,Parasitology,Bacteriology,Immuno-serology,No,No,35,2,1 Yes 1 No,Technical problem,1,Yes,0,,0,,0,,0,,9.517203,-13.70183,1,1,0,0,"Complete blood count, Hematocrit, Hemoglobin, GR, GB, Platelet, TC, TS, blood grouping and Rh, thick Drop Test Emmel, erythrocyte sedimentation rate, Glucose, creatinine, bilirubin, transaminase, ASO, RPR, TPHA, Widal, HIV Saddles",Guinea.conakry.kaloum_commune.cmc_lab_bk,1,0,1,0,0,1,0,1,1,0,biochemistry;hematology;parasitology;bacteriology;immuno-serology
15,public,conakry,matam,cmc,Dr.Joseph HARRIS,coleah cmc labo,Djenabou Koulako Keita,1,public network,No,"Other or combination (specify in ""comments"")","UPS, stabilizers",19,Lab Management,Bacteriology,Hematology,Biochemistry,Immunology,No,No,61,1,Yes,,1,Yes,0,,0,,0,,0,,9.535035,-13.678447,0,0,0,0,"GE, NFS, Widal, Aslo, RPR, urinary sediment, albumin in the urine, glucose, TE, stool microscopy, TC TS",Guinea.conakry.matam.coleah_cmc_labo,1,1,1,1,0,1,1,0,0,1,lab management;bacteriology;hematology;biochemistry;immunology
16,public,conakry,commune of matam,cs,Dr.Kevin GONZALEZ,cs lab madina,Abdoulaye Sacko,1,public network,No,Stabilizer,,2,Hematology,Parasitology,Blood biochemistry,EAR,Maintenance,No,No,68,1,Yes,,1,Yes,0,,0,,0,,0,,9.540062,-13.66532,0,1,0,1,"Saddles, THb, thick Drop, TE, D, albumin, sugar, NFS, Urinalysis, Blood Grouping, Widal",Guinea.conakry.commune_of_matam.cs_lab_madina,0,0,1,1,0,1,0,0,1,1,hematology;parasitology;blood biochemistry;ear;maintenance
17,public,conakry,commune of matam,cmc,Dr.John KING,cmc lab matam,diaminodiphenyl Ly,1,Generator,Yes,"Other or combination (specify in ""comments"")","UPS, stabilizers, generator supported by MSF",3,blood parasitology,Biochemistry,Hematology,Bacteriology,-,No,No,49,1,No,,1,Yes,0,,0,,0,,0,,9.552736,-13.651227,0,1,0,1,"THb, Emmel test, sedimentation rate, red blood cells and white, BELONGING time, coagulation time, blood glucose, Widal, ASO, TDR (malaria), HIV, RPR, HBsAg, Blood Biochemistry, Biochemistry of urine, vaginal frotis , pregnancy Test, blood Grouping, Saddles",Guinea.conakry.commune_of_matam.cmc_lab_matam,0.25,0.25,0.25,0.25,0,0,0.25,0.25,0.25,0.25,blood parasitology;biochemistry;hematology;bacteriology
18,public,conakry,ratoma,cmc,Dr.Elizabeth ROBINSON,cmc lab ratoma,Ibrahima Diallo Sorry,1,Generator,Yes,Any,,30,Hematology,Biochemistry,serology,,,No,No,59,1,Yes,,1,No,0,,0,,0,,0,,9.583688,-13.658206,0,1,0,0,,Guinea.conakry.ratoma.cmc_lab_ratoma,0,0,0,0,0,0,0,0,0,0,hematology;biochemistry;serology
19,public,conakry,ratoma,cs,Dr.Charles HARRIS,cs lab simbaya station,Bintou Dansoko,1,public network,No,Any,,29,Hematology,Parasitology,Biochemistry,serology,Bacteriology,No,No,22,0,N / A,,0,N / A,0,,0,,0,,0,,9.615463,-13.613815,0,1,0,1,"Hb, TDR malaria and HIV, to emmel test, stool examination, albumin in the urine",Guinea.conakry.ratoma.cs_lab_simbaya_station,1,1,1,1,0,0,1,1,0,1,hematology;parasitology;biochemistry;serology;bacteriology
20,public,conakry,ratoma,cmc,Dr.Thomas WRIGHT,blazing cmc labo,Mariame Diaby,1,public network,Yes,"Other or combination (specify in ""comments"")","UPS, stabilizers, lightning rod; generator and solar panels",29,Blood transfusion,Bacteriology,Biochemistry,Hematology,serology,No,No,2,1,Yes,,1,Yes,0,,0,,0,,0,,,,1,0,0,1,"GE Widal, Stool, NFS, Glucose, Aslo, Hepatitis B, RPR, urea, creatinine, transaminase, uric acid, cholesterol and fractions biluribinémie, urinary sediment, urine dipstick Blood Grouping, HIV, serum calcium",Guinea.conakry.ratoma.blazing_cmc_labo,0,0,1,0,0,0,0,1,1,0,blood transfusion;bacteriology;biochemistry;hematology;serology
21,public,conakry,ratoma,cmc,Dr.Christopher MILLER,mining cmc labo,Mamadou Billo Diallo,1,public network,Yes,"Other or combination (specify in ""comments"")","Stabilizers, lightning rod",0,Parasitology,Biochemistry,Bacteriology,Immunology,serology,Yes,Triple packaging,55,1,Yes,,1,Yes,0,,0,,0,,0,,,,0,1,1,1,"stool microscopy, GE, HB, TE, blood typing, NFS, VS, albumin, RPR TPHA, glucose, Aslo, CRP (?), rheumatoid factor (?), Widal, hematocrit, HIV, TC TS, biopsy cutatanée ( ?), urinary sediment, urine dipstick, pap smears, pregnancy tests, CD4, TDR HbS",Guinea.conakry.ratoma.mining_cmc_labo,1,1,1,1,0,1,0,1,1,1,parasitology;biochemistry;bacteriology;immunology;serology
22,mining company,conakry,ratoma,dispensary,Dr.Joseph WILSON,laboratory clinic cbk rusal,Dr. Barry Abdoul Razack,1,public network,Yes,"Other or combination (specify in ""comments"")",ups; lightning rod stabilizers; ground terminal,19,Biochemistry,hematology,Bacteriology (Antimicrobial),serology,parasitology,No,No,53,2,Yes,,1,Yes,0,,0,,0,,0,,,,1,1,1,0,"NFS; GE; stools ECBU; Widal; Aslo; HBS; TPHA; HCV; dipstick; Blood Grouping; parasitology urine; transaminase, urea, creatinine, blood glucose levels and cholesterol fractions; uric acid; bilirubin; magnesium; calcium; complete electrolytes, alkaline phosphatase",Guinea.conakry.ratoma.laboratory_clinic_cbk_rusal,1,0,1,0,0,0,0,1,1,0,biochemistry;hematology;bacteriology (antimicrobial);serology;parasitology
23,public,faranah,kissidougou,cs,Dr.Paul WILSON,cs lab yende,Fadama Diallo ,0,Any,No,Any,,19,Hematology,Bacteriology,Parasitology,biosecurity,-,No,No,40,1,Yes,,0,N / A,0,,0,,0,,0,,8.88648,-10.170802,1,1,0,1,"TDR THb, Widal, AFB, RPR, stools, urine",Guinea.faranah.kissidougou.cs_lab_yendë,0,1,1,1,0,0,1,0,0,0,hematology;bacteriology;parasitology;biosecurity
24,public,faranah,kissidougou,hp,Dr.Jessica HARRIS,hp labs kissidougou,Jeremiah Niankoye Haba,1,Solar energy,Yes,Stabilizer,UPS,27,Lab Management,Biochemistry,Hematology,Bacteriology,serology,Yes,Triple packaging,18,2,No,Breakdown,3,"Other (specify in ""comments"")",0,,0,,1,Only in cases of HIV,0,,9.197805,-10.104365,1,1,1,1,"Saddles, GE, NFS, Albumin, Glucose, urinalysis, blood glucose, RPR / TPHA, ASO, CRP, Toxo Plasmose, HBsAg, Hepatitis C, Creatinine, Urea Blood Transaminases, cholesterol, uric acid, TE, Widal, VS, Bulking blood, pregnancy Test, Rivalta, HIV, FCV, Semen, Spit, Calcium",Guinea.faranah.kissidougou.hp_labs_kissidougou,1,1,1,0,1,1,1,0,1,1,lab management;biochemistry;hematology;bacteriology;serology
25,public,faranah,faranah,hr,Dr.Lisa KING,hr faranah lab,Sovogui Ibrahima,1,Solar energy,No,Taken from the ground,,1,Lab Management,quality assurance,biochemistry,Bacteriology,immunology,Yes,triple packaging,64,2,1 Yes 1 No,vetuste,1,Yes,0,,0,,0,,0,,10.041437,-10.739678,1,0,1,1,"stools; TDR; Hb; urinalysis; Albumin; glucose; urea; Transaminase; creatinine; Aslo; Widal; RPR; TE; NFS; VS; HBsAg, HBcAg; Skin biopsy; HIV; Blood Grouping; serum calcium, uric acid",Guinea.faranah.faranah.hr_faranah_lab,0,1,0,1,1,0,1,1,1,1,lab management;quality assurance;biochemistry;bacteriology;immunology
26,public,faranah,faranah,cs,Dr.Michelle GARCIA,csu lab abattoir,Kaba 1 Douno,1,public network,No,Any,,22,bacteriology,Parasitology,biochemistry,Hematology,serology,No,No,28,1,Yes,,0,N / A,0,,0,,0,,0,,10.043083,-10.74033,1,1,0,0,"stool Hb; Widal; RPR; Blood Grouping TE; Albuminerie; TDR, urinary sediment",Guinea.faranah.faranah.csu_lab_abattoir,1,1,0,1,1,0,0,0,1,1,bacteriology;parasitology;biochemistry;hematology;serology
27,public,faranah,dabola,hp,Dr.Mark LEWIS,hp labs dabola,Sylla Mamadouba,1,public network,Yes,Stabilizer,,21,Lab Management,Biochemistry,Hematology,Immunology,biosecurity,Yes,triple packaging,58,1,Yes,,1,Yes,0,,0,,0,,0,,10.731488,-11.060955,1,1,1,0,stools; skin biopsy; Parasitology urine; GE; Hb; NFS TE; VS; TC / TS Glucose; chemistry urine; Pregnancy Test; Rivalta; HIV; Widal; RPR; HBsAg; AcHcv; Aslo; blood typing; urinalysis; the ECB PUS; CSF; Pap Smear,Guinea.faranah.dabola.hp_labs_dabola,1,0,0,0,0,0,1,1,0.25,1,lab management;biochemistry;hematology;immunology;biosecurity
28,public,faranah,dabola,cs,Dr.Steven BAKER,cs lab dabola,mamy Zaoro 1,1,public network,Yes,Any,,12,Infection,Hematology,Bacteriology,Immunology,Parasitology,No,No,49,2,Yes,,0,N / A,0,,0,,0,,0,,10.744802,-11.108103,1,1,1,1,stools; GE; TDR; Hb; RPR; Widal; urinalysis; NFS; TE; Glucose,Guinea.faranah.dabola.cs_lab_dabola,1,1,1,0,0,0,0,1,1,1,infection;hematology;bacteriology;immunology;parasitology
29,public,faranah,dinguiraye,hp,Dr.Christopher JOHNSON,hp labs dinguiraye,Sakouvogui Siba,1,public network,Yes,UPS,,26,biochemistry,Hematology,Bacteriology,Parasitology,Virology,No,No,9,2,1 Yes 1 No,manual,1,No,0,,0,,0,,0,,11.290165,-10.718773,0,1,1,1,"stools; albumin; Urinalysis, pregnancy test transaminase; Hb, glucose; RPR; NFS; Creatinine; sedimentation rate; TE; urea; ASLO; Widal; CRL HIV sputum, blood grouping; spermogram; serum calcium; vaginal secretions; skin biopsy; TC / TS",Guinea.faranah.dinguiraye.hp_labs_dinguiraye,1,0,1,1,0,1,1,0,1,1,biochemistry;hematology;bacteriology;parasitology;virology
30,mining company,faranah,dinguiraye,dispensary,Dr.Brian JOHNSON,clinical laboratory fayala of lero,sylla ibrahima,1,Other,Yes,"Other or combination (specify in ""comments"")",ups; lightning rod stabilizers; ground terminal,23,Biochemistry,hematology,parasitology,serology,bacteriology,No,No,49,1,Yes,,1,Yes,0,,0,,1,,0,,11.744532,-10.045235,1,1,1,1,"Hb, NFS, vs; TE, blood sugar; albumin; Aslo; Widal; CRP; creatinine; urea; transaminases; bilirubin; Uric acid; calcium; urinalysis; amylase, alkaline phosphatase; HIV; BW",Guinea.faranah.dinguiraye.clinical_laboratory_fayala_of_lero,1,0,1,0,0,1,0,1,1,0,biochemistry;hematology;parasitology;serology;bacteriology
31,public,faranah,kissidougou,cs,Dr.Patricia HILL,cs lab heremakono,Yansané Aminata,0,Any,No,Taken from the ground,,5,Bacteriology-Virology,Biochemistry,Hematology,serology,Parasitology,No,No,36,1,Yes,,0,N / A,0,,0,,0,,0,,,,1,1,1,1,"TDR THb, Albumin, Saddles, Widal, RPR, TE, glucose (glucose meter), Blood Grouping and Rhesus factor, Pap Smear, ASLO",Guinea.faranah.kissidougou.cs_lab_heremakono,0,1,1,1,0,1,1,0,0,1,bacteriology-virology;biochemistry;hematology;serology;parasitology
32,Public,findia,forecayah,ssa,Dr.Kimberly LEE,medical biology laboratory medical battalion infantry forecayah,yansané Aminata,0,,No,any,,21,Biochemistry ,serology,Bacteériologie,hematology,parasitology,NO,No,9,0,,,0,N / A,0,,0,,0,,0,,,,0,0,0,0,"SDW, GE / DP, KOP",Guinea.findia.forecayah.medical_biology_laboratory_medical_battalion_infantry_forecayah,0,0,0,0,0,1,1,0,0,0,biochemistry;serology;bacteriology;hematology;parasitology
33,public,kankan,kerouane,hp,Dr.James DAVIS,hp labs kerouane,Diakite Abass,0,Generator,Yes,lightning rod,,4,Bacteriology (Antimicrobial),Biochemistry,Hematology,serology,Parasitology,No,No,31,1,Yes,,1,No,0,,0,,0,,0,,9.277698,-9.001033,0,1,1,1,stools; urinalysis; Albumin; Glucosuria; HCG; NFS; TE; GE; TC-TS; Hb; Blood Grouping; TDR RPR; Aslo; Widal; LCR; Coughing; SRV; Semen; Blood Transfusion,Guinea.kankan.kerouane.hp_labs_kerouane,1,1,1,1,0,0,1,1,1,1,bacteriology (antimicrobial);biochemistry;hematology;serology;parasitology
34,public,kankan,kankan,cs,Dr.Dorothy TAYLOR,cs lab salamani,Nabe Layé,0,Any,No,Any,,32,Immunology,Blood transfusion,Bacteriology,serology,Hematology,No,No,37,0,N / A,,1,No,0,,0,,0,,0,,10.379155,-9.293378,1,1,0,1,"Albumin, sugar, urinalysis, THb, thick Drop, TE, ASO, VS, TC, TS, RPR, Widal, HIV, Hepatitis B, TDR, skin biopsy, NFS, Vaginal frotis, Spermogram",Guinea.kankan.kankan.cs_lab_salamani,1,1,1,1,0,0,0,1,1,0,immunology;blood transfusion;bacteriology;serology;hematology
35,public,kankan,mandiana,hp,Dr.Barbara WILLIAMS,hp labs mandiana,Salimatou Bah,0,Solar energy,Yes,lightning rod,,22,biochemistry,Bacteriology,Hematology,Immunology,serology,Yes,Triple packaging,56,1,Yes,,2,No,0,,0,,0,,0,,10.620208,-8.696904,1,1,0,1,"stool Hb; blood smear; Widal; RPR, vaginal smear; Urinalysis, TE, pregnancy test; Glucose; blood grouping; TC - TS Skin biopsy",Guinea.kankan.mandiana.hp_labs_mandiana,1,0,1,0,0,1,0,0,0.5,0,biochemistry;bacteriology;hematology;immunology;serology
36,public,kankan,mandiana,cs,Dr.Edward TAYLOR,csu lab mandiana,Mathos Zaty Lamah,0,Any,No,Any,,6,bacteriology,serology,Hematology,biochemistry,Virology,No,No,76,0,N / A,,0,N / A,0,,0,,0,,0,,10.632357,-8.696297,1,0,1,0,"Hb; TDR, RPR, Widal;. Stool; albumin; glucose; microfilariae research; HBsAg: SRV, blood typing, pregnancy test, sputum (AFB) TE; NFS rivalta; research BH; semen analysis",Guinea.kankan.mandiana.csu_lab_mandiana,1,1,0,1,0,0,0,1,1,1,bacteriology;serology;hematology;biochemistry;virology
37,public,kankan,kouroussa,cs,Dr.Daniel HERNANDEZ,cs lab kouroussa,Haba Paul,0,Any,No,Any,,17,Sample Collection,Blood transfusion,Bacteriology,Parasitology,Hematology,No,No,8,0,N / A,,0,N / A,0,,0,,0,,0,,10.648603,-9.881663,0,0,1,1,"THb, Albumin, saddles, Widal, RPR, TE, thick Drop, NFS, TDR, HIV",Guinea.kankan.kouroussa.cs_lab_kouroussa,1,0,1,1,0,0,1,1,1,1,sample collection;blood transfusion;bacteriology;parasitology;hematology
38,public,kankan,kouroussa,hp,Dr.Kenneth HILL,hp labs kouroussa,Lamine Kourouma,0,Solar energy,Yes,Stabilizer,,21,Hematology,serology,Bacteriology,biochemistry,Parasitology,No,No,25,3,Yes,,4,"Other (specify in ""comments"")",0,,0,,0,,0,,10.649507,-9.872592,1,1,1,0,stools; urinalysis; Albumin; Glucosuria; NFS; TE; GE; TC-TS; Hb; Blood Grouping; TDR RPR; Aslo; Widal; LCR; Coughing; SRV; Blood Transfusion,Guinea.kankan.kouroussa.hp_labs_kouroussa,1,1,1,1,0,0,1,1,1,1,hematology;serology;bacteriology;biochemistry;parasitology
39,public,kankan,kankan,cs,Dr.Karen HERNANDEZ,cs bate nafadji lab,Kaba Noumoukè,0,Any,No,Any,,8,Parasitology,Hematology,-,-,-,No,No,99,0,N / A,,0,N / A,0,,0,,0,,0,,10.662315,-9.248725,0,1,0,1,"TDR Widal, SRV, RPR, THb",Guinea.kankan.kankan.cs_bate_nafadji_lab,0,0.5,0.5,0.5,0,0,0.5,0,0.5,0.5,parasitology;hematology
40,public,kankan,siguiri,hp,Dr.Stephanie YOUNG,hp siguiri laboratory,Cheick Souleymane Camara,1,Other,Yes,lightning rod,,5,Biochemistry,Immunology,Hematology,Bacteriology,Parasitology,Yes,Triple packaging,60,2,Yes,,1,No,0,,0,,0,,0,,11.420392,-9.167615,1,0,1,0,"AFB, Leukocytes, Glucose, Bilirubin, THb, thick Drop, glucose, blood typing, TS, TC, Syphilis, Hepatitis B, Hepatitis C, NFS, TE, ",Guinea.kankan.siguiri.hp_siguiri_laboratory,1,0,1,1,0,1,1,1,1,1,biochemistry;immunology;hematology;bacteriology;parasitology
41,mining company,kankan,siguiri,hospital,Dr.William RODRIGUEZ,hospital laboratory sag siguiri,Dr. ANKE BINDER,1,Other,Yes,"Other or combination (specify in ""comments"")",ups; lightning rod stabilizers; ground terminal,25,immunology,parasitology,biochemistry,hematology,molecular biology,Yes,triple packaging,64,2,Yes,,5,Yes,1,,0,,1,,1,,11.54897,-9.309894,1,1,1,0,"complete blood count; Reticulocytes; VS; TE; INR, prothrombin, for malaria, blood grouping; glycated Hemoglobin; CRP, CD4 count, viral load; albumin, alkaline phosphatase, amylase, uric acid, bilirubin; calcium; creatinine phosphokinase (CPK), total cholesterol; (Na K Cl); fructosamine; GOT / AST, GPT; / ALT, GGT, glucose, HDL; LDH; Magnesium; inorganic phosphate; Triglycerides; urea; HIV, hepatitis B and C; BW; Widal; Aslo; PCR (DNA research or viral RNA)",Guinea.kankan.siguiri.hospital_laboratory_sag_siguiri,1,0,1,0,1,1,1,1,1,1,immunology;parasitology;biochemistry;hematology;molecular biology
42,public,kankan,siguiri,cs,Dr.Mary DAVIS,cs lab doko,Oumar Dabo,0,Generator,Yes,Any,,9,Bacteriology,Biochemistry,serology,Parasitology,Hematology,No,No,11,1,Yes,,0,N / A,0,,0,,0,,0,,11.785252,-8.969848,1,1,1,1,"thick film, THb, Widal, BW, blood grouping and Rh factor, urinary strip, Albumin",Guinea.kankan.siguiri.cs_lab_doko,0,0,1,1,0,1,0,0,1,1,bacteriology;biochemistry;serology;parasitology;hematology
43,public,kankan,kankan,hr,Dr.Deborah ROBINSON,hr kankan lab,Camara Issa,1,Generator,Yes,lightning rod,,19,Biochemistry,Hematology,biosecurity,Quality Control,Bacteriology,No,No,100,4,"Other (specify in ""comments"")",Breakdown,2,Yes,0,,0,,1,Functional,0,,,,0,1,1,1,"NFS, THb, TE, thick Drop, glucose, blood typing, TS, TC, urea, cholesterol, creatinine, transaminases",Guinea.kankan.kankan.hr_kankan_lab,1,0,0,0,0,1,0,1,0,0,biochemistry;hematology;biosecurity;quality control;bacteriology
44,private,kankan,siguiri,laboratory,Dr.Matthew WALKER,analysis lab biomedical friendship,Nabé Mamadou,1,public network,Yes,Stabilizer,"In addition to the public network, they have a generator",9,antibiogramme,serology,Bacteriology,Hematology,Parasitology,No,No,94,1,Yes,,1,Yes,0,,0,,0,,0,,,,1,1,1,0,,Guinea.kankan.siguiri.analysis_lab_biomedical_friendship,1,1,1,0,0,1,0.5,1,1,1,antibiogramme;serology;bacteriology;hematology;parasitology
45,Public,kankan,faranah,ssa,Dr.Ashley MILLER,labassa baf,C Jean Pierre Delamou,0,Any,No,No,,20,recycling laboratory,,,,,NO,No transport box ,41,0,,,0,,0,,0,,0,,0,,,,0,1,0,0,"Drop thick, Widal HIV stools",Guinea.kankan.faranah.labassa_baf,1,1,1,0,1,0,1,1,1,0,recycling laboratory
46,Public,kankan,kankan,ssa,Dr.Dorothy HALL,lapissa 3iem rm kankan,Biologist Albert lamah 2nd class,0,Any,Auune,Any,,30,Biochemistry,biosecurity,Parasitology,hematology,bacteriology,NO,No,3,2,Yes,1 failure ,0,,0,,0,,0,,0,,,,1,1,0,1,,Guinea.kankan.kankan.lapissa_3iem_rm_kankan,0,0,0,0,1,0,0,0,0,1,biochemistry;biosecurity;parasitology;hematology;bacteriology
47,public,kindia,forekaria,cs,Dr.Mark GONZALEZ,csu lab forekaria,Aissata Camara,1,public network,No,Any,Only in the rainy season there is electricity,24,Hematology ,Bacteriology,Biochemistry ,serology,Parasitology,No,No,36,0,N / A,,0,N / A,0,,0,,0,,0,,9.43149,-13.090247,1,1,1,1,TDR HIV,Guinea.kindia.forekaria.csu_lab_forekaria,1,0,0,0,0,0,1,1,0,0,hematology;bacteriology;biochemistry;serology;parasitology
48,public,kindia,forekaria,hp,Dr.Carol YOUNG,hp labs forekaria,Mohamed Soumah,1,public network,Yes,"Other or combination (specify in ""comments"")","Stabilizer, lightning rod, no generator, they have solar panels and the public network serves the hospital in the rainy season",14,Hematology ,Parasitology,Biochemistry ,Bacteriology,Blood transfusion,No,No,41,1,Yes,,0,Yes,0,,0,,0,,0,,9.431525,-13.090437,0,1,1,1,"NFS, GE, THb, Parasitology stool and urine, Widal, BW or PRP, blood transfusion, blood biochemistry, Biochemistry urine, glucose, HBsAg, Hepatitis C, HIV, vaginal secretion, urine culture, TDR (malaria)",Guinea.kindia.forekaria.hp_labs_forekaria,1,1,1,1,0,0,1,1,1,1,hematology;parasitology;biochemistry;bacteriology;blood transfusion
49,public,kindia,forekariah,cs,Dr.Daniel HALL,cs lab maferinyah,Soryba Camara,1,public network,No,Taken from the ground,Electricity about half of the day,22,Biochemistry,serology,Sample packaging,Hematology,Sample,No,No,50,1,Yes,,0,N / A,0,,0,,0,,0,,9.547704,-13.285882,1,1,1,1,"Saddles, THb, thick Drop, SRV, White Blood Cell, Grouping, Spit, VS, Pregnancy Test, TDR, NFS",Guinea.kindia.forekariah.cs_lab_maferinyah,0,0,0,1,0,0,0.5,0,0,1,biochemistry;serology;sample packaging;hematology;sample
50,public,kindia,coyah,cs,Dr.David HILL,labo health computer sanoyah (km 36) - according to the dps coyah it is planned to develop and make a cmc,Abdoul Karim Bangoura,1,public network,No,Any,frequent power cuts,5,Biochemistry,Laboratory Techniques,Hematology,Bacteriology,serology,No,No,80,0,N / A,,0,N / A,0,,0,,0,,0,,9.704025,-13.498397,1,1,1,0,"TDR THb, albumin, glucose, Saddles, SRV, Widal, RPR",Guinea.kindia.coyah.labo_health_computer_sanoyah,0,0,1,1,0,0,1,0,1,0,biochemistry;laboratory techniques;hematology;bacteriology;serology
51,public,kindia,coyah,hp,Dr.Michelle MILLER,hp labs coyah,Ouo Damey,1,public network,No,Taken from the ground,,20,Bacteriology,Biochemistry,Hematology,Immunology,Lab Management,No,No,66,1,No,Bad condition,1,Yes,0,,0,,0,,0,,9.706859,-13.392595,1,0,1,1,"Urinalysis (urine sediment), NFS, THb, VS, TE, TS, TC, thick Drop TDR Coprology, Glucose, Séro immunology, Widal, RPR, ASO, HBsAg, HIV ",Guinea.kindia.coyah.hp_labs_coyah,1,1,1,0,0,0,1,1,0,0,bacteriology;biochemistry;hematology;immunology;lab management
52,public,kindia,coyah,cs,Dr.Mary GREEN,cs lab fily,Hadja Fatoumata Barry,0,Any,No,Any,,22,Hematology ,Parasitology,biosecurity,Bacteriology,serology,No,No,34,0,N / A,,0,N / A,0,,0,,0,,0,,9.710669,-13.379326,0,0,1,1,"thick film, THb, GB, NFS, Widal, Glucose, seats, HIV",Guinea.kindia.coyah.cs_lab_fily,1,0,1,1,0,0,0,1,1,1,hematology;parasitology;biosecurity;bacteriology;serology
53,public,kindia,coyah,cs,Dr.Jennifer DAVIS,cs lab maneah,Elise Lamah,1,public network,No,Any,,17,biosecurity,serology,Parasitology,Bacteriology,Hematology,No,No,83,0,N / A,,0,N / A,0,,0,,0,,0,,9.719385,-13.411198,0,1,0,0,"TDR, THb, Thick blood, stools, Widal, albumin, HIV",Guinea.kindia.coyah.cs_lab_maneah,0.25,0.25,0.25,0.25,0,0,0.25,0.25,0.25,0.25,biosecurity;serology;parasitology;bacteriology;hematology
54,public,kindia,dubreka,cs,Dr.Steven JONES,csu lab dubreka,Aissatou Fadja Diallo,1,public network,No,Any,,18,Parasitology,Ebola,biosecurity,Bacteriology,Hematology,No,No,15,1,No,,0,N / A,0,,0,,0,,0,,9.79,-13.53,1,0,1,1,"blood grouping, Albumin, Widal, glucose, thick Drop, Saddles",Guinea.kindia.dubreka.csu_lab_dubreka,0,1,1,0,0,1,0,0,1,0,parasitology;ebola;biosecurity;bacteriology;hematology
55,public,kindia,dubreka,hp,Dr.Betty ANDERSON,hp labs dubreka,Bountouraby Kéita,1,public network,Yes,"Other or combination (specify in ""comments"")","stabilizer and lightning rod, a generator serving lab and radio, the public network works well enough during the rainy season",15,Blood biochemistry,Hematology,Bacteriology,serology,Immunology,No,No,51,1,Yes,,1,Yes,0,,0,,0,,0,,9.790622,-13.526892,0,1,1,1,"THb, Red Cells, White Blood Cell, Test Emmel, VS, TS, TC, glucose, Saddles, TDR (malaria), thick Drop, TDR (trypanosomiasis), Widal, RPR, HBsAg, ASO, Blood Grouping",Guinea.kindia.dubreka.hp_labs_dubreka,0,1,1,1,0,1,1,0,0,1,blood biochemistry;hematology;bacteriology;serology;immunology
56,public,kindia,kindia,cs,Dr.Deborah GREEN,cs lab mambia,Sangaré Sira,1,public network,No,Any,,17,Parasitology,Bacteriology,Hematology,serology,biosecurity,No,No,63,1,Yes,,0,N / A,0,,0,,0,,0,,9.83,-13.11,1,1,1,1,,Guinea.kindia.kindia.cs_lab_mambia,0,0,0,0,0,1,0,0,0,0,parasitology;bacteriology;hematology;serology;biosecurity
57,public,kindia,kindia,cs,Dr.Nancy JONES,cs lab manquepas,Jean Félix Haba,1,public network,Yes,Any,,16,Hematology,Biochemistry,Bacteriology,serology,Parasitology,No,No,76,2,Yes,,0,N / A,0,,0,,0,,0,,10.047,-12.86,0,0,0,1,"Thick film, THb, Widal, Saddle, Glucose, TDR, albumin, HIV, RPR, HCG",Guinea.kindia.kindia.cs_lab_manquepas,1,1,1,1,0,1,1,0,1,1,hematology;biochemistry;bacteriology;serology;parasitology
58,public,kindia,kindia,hr,Dr.Christopher LEWIS,lab hr kindia,Mamadou Malick Bah (Interim),1,public network,Yes,"Other or combination (specify in ""comments"")","UPS, stabilizer; there are solar panels but only blood bank; féquentes cuts",0,Biochemistry,serology,Hematology,Bacteriology,Parasitology,No,No,13,1,Yes,,0,N / A,0,,0,,0,,0,,10.047297,-12.860032,0,1,1,0,"Biochemistry of urine, THb, red and White Blood Cell, Goute thick, TS, TC, Saddles, Emel Test, Grouping, Syphilis, ASO, Widal, HIV Toxo plasmose",Guinea.kindia.kindia.lab_hr_kindia,1,1,1,0,0,0,0,1,1,0,biochemistry;serology;hematology;bacteriology;parasitology
59,public,kindia,telimele,cs,Dr.Christopher HERNANDEZ,cs lab sinta,Mamadou Saliou Baldé,1,Solar energy,No,"Other or combination (specify in ""comments"")","Lightning, earthing",0,Parasitology,Bacteriology,Hematology,Biochemistry  ,serology,No,No,51,0,N / A,,0,N / A,0,,0,,0,,0,,10.69924,-12.9755,1,1,0,1,"THb, thick Drop, Widal, Saddle, sputum, urine chemistry, pregnancy test, HIV, Cytology urine",Guinea.kindia.telimele.cs_lab_sinta,1,0,1,1,0,0,0,1,1,1,parasitology;bacteriology;hematology;biochemistry;serology
60,public,kindia,telimele,hp,Dr.Melissa RODRIGUEZ,hp labs telimele,Aliou Sow Bailo,1,public network,Yes,"Other or combination (specify in ""comments"")","UPS, stabilizer, lightning rod, grounding; there is max electricity moist of the day",23,Hematology,Biochemistry,Bacteriology,Parasitology,Blood transfusion,No,No,63,3,Yes,,1,No,0,,0,,0,,0,,10.906827,-13.08431,1,1,0,0,"NFS, TE, TC, TS, Grouping, Glucose, Albumin, Sugar, urinalysis, parasitology stool, GE, skin Bioptie, syphilis, ASO, HIV",Guinea.kindia.telimele.hp_labs_telimele,1,0,0,0,0,0,1,1,0,0,hematology;biochemistry;bacteriology;parasitology;blood transfusion
61,public,kindia,telimele,cs,Dr.Charles ROBINSON,csu lab telimele,Mohamed Adoulaye Diallo,1,public network,No,Any,The public network only works irregularly,31,serology,biosecurity,Parasitology,Bacteriology,Hematology,No,No,94,1,No,,0,N / A,0,,0,,0,,0,,10.907373,-13027515,1,0,0,1,"thick blood, THb, Widal, urine chemistry, sputum, HIV, HBS Antigen, TG, Saddles, TDR",Guinea.kindia.telimele.csu_lab_telimele,0,1,1,0,0,0,1,1,1,1,serology;biosecurity;parasitology;bacteriology;hematology
62,mining company,kindia,kindia,clinical,Dr.Donna HILL,clinic lab cbk debele,Sow Mamadou,1,Other,No,lightning rod,Electricity is provided by the network of the city,0,Biochemistry,Parasitology,Bacteriology,,,No,No,1,1,Yes,,1,Yes,1,,1,,1,,1,,,,1,1,1,1,"NFS, VS, GE, Aslo, Saddle, Urine, blood sugar, HIV, GA, GS, Hepatitis B, TE",Guinea.kindia.kindia.clinic_lab_cbk_debele,1,0,0,0,1,0,0,1,0,0,biochemistry;parasitology;bacteriology
63,public,kindia,kindia,ssa,Dr.Christopher LEE,lapissa main laboratory military health service,LOUA Henry phampil ,1,public network,no,any,,27,Hematology,Bacteriology,biosecurity ,,,Yes,No,70,2,Yes,,0,N / A,0,,0,,0,,0,,,,1,0,0,0,,Guinea.kindia.kindia.lapissa_main_laboratory_military_health_service,0,0,0,0,0,1,0,0,0,0,hematology;bacteriology;biosecurity
64,public,labe,labe center,hr,Dr.James WRIGHT,hr lab labe,Dr. Bafodé Condé,1,public network,Yes,"Other or combination (specify in ""comments"")","Ups Broken inverter, stabilizer belonging to the laboratory manager ",19,Bacteriology (Antimicrobial),Hematology,serology,Biochemistry,Parasitology,Yes,Triple packaging available,34,1,No,Technical issues,2,Yes,0,,0,,1,,0,,11.318402,-12285279,0,1,1,0,"Aslo, blood typing, RPR / TPHA, TDR HIV, Toxoplasmosis, TDR HbS, TDR hepatitis C Widal, Glucose,, Creatinine, Cholesterol total / LDL / HDL, Triglycerides, Transaminases, Urea blood, uric acid, calcium, magnesium levels, ECBU , ECBSV, ECB pus, GE (dp), TE, TS TC; NFS; HEMOGLOBIN; microfilaria; STOOL Transfusion STRIP URINARY",Guinea.labe.labe_center.hr_lab_labe,1,0,1,1,0,1,1,1,0,1,bacteriology (antimicrobial);hematology;serology;biochemistry;parasitology
65,public,labe,labe,cs,Dr.Deborah JACKSON,cs-lab ley saare,Fatoumata Binta Bah,1,Solar energy,Yes,lightning rod,,16,Hematology,Virology,Parasitology,serology,biosecurity,No,No,75,1,Yes,,0,N / A,0,,0,,0,,0,,11.320254,-12.282071,1,1,1,1,"TDR, hemoglobin, albumin, PMCT (HIV), RPR",Guinea.labe.labe.cs-lab_ley_saare,0,0,0,0,0,0,0,0,0,0,hematology;virology;parasitology;serology;biosecurity
66,public,labe,labe,cs,Dr.Donald KING,cs lab daka,Ibrahima Baldé Fissiry,0,Any,No,Any,,0,Parasitology,Hematology,Biochemistry,serology,Bacteriology,No,No,17,1,Yes,,0,N / A,0,,0,,0,,0,,11.43,-12.11,0,0,1,1,"Hemoglobin, TDR, thick Drop RPR (syphilis), Albumin, seats, vaginal smear, urinary Fitting, Widal, urinary strip",Guinea.labe.labe.cs_lab_daka,0,1,1,1,0,0,1,0,1,1,parasitology;hematology;biochemistry;serology;bacteriology
67,public,labe,lelouma,hp,Dr.Linda TAYLOR,hp labs lelouma,Thierno Sadou Camara,0,Solar energy,No,lightning rod,Solar panels just for the refrigerator supply,28,Biochemistry,Bacteriology,serology,Hematology,Parasitology,No,No,64,2,1 Yes 1 No,The electric centrifugieuse does not work for lack of power,3,"Other (specify in ""comments"")",0,,0,,0,,0,,11.430577,-12.683847,1,1,0,0,"Hemoglobin, blood typing, albumin, Widal, glucose, thick film, TDR HIV Aslo",Guinea.labe.lelouma.hp_labs_lelouma,1,1,1,1,0,1,1,1,1,1,biochemistry;bacteriology;serology;hematology;parasitology
68,public,labe,lelouma,cs,Dr.Thomas WILSON,csu lab lelouma,Abdoulaye Diallo,0,,No,Any,Acune energy source,22,Hematology,Parasitology,Bcciloscopie TB,Bacteriology,serology,No,No,64,0,,,0,,0,,0,,0,,0,,11.431311,-12.683072,0,1,0,1,Examining only realized in this laboratory is examining sputum for TB screening,Guinea.labe.lelouma.csu_lab_lelouma,0,0,0,1,0,1,0,0,0,0,hematology;parasitology;bacilloscopy tuberculosis;bacteriology;serology
69,public,labe,tougue,hp,Dr.James ANDERSON,hp labs tougue,Abdoullaye Baldé,0,public network,Yes,"Other or combination (specify in ""comments"")","UPS, stabilizer, lightning rod; generator failed, a panel is just the fridge",10,Hematology ,Bacteriology,Biochemistry,Parasitology,serology,No,No specific packaging,57,2,1 Yes 1 No,Centrifuge nonfunctional electric power shortage,3,1 Yes 1 No,0,,0,,0,,0,,11.439689,-11.663432,0,0,1,1,"Parasitology stool, hemoglobin, thick film, blood count, bleeding time, clotting time, sedimentation velocity of the red cells, Widal, RPR, TDR HIV Aslo, TDR HBsAg, Chemistry of urine, urine culture, HCG (pregnancy test ), Rivalta, TB, glucose ",Guinea.labe.tougue.hp_labs_tougue,1,0,1,1,0,1,0,1,1,1,hematology;bacteriology;biochemistry;parasitology;serology
70,public,labe,lelouma,cs,Dr.Susan WILLIAMS,cs lab lafou,Abdourahimi Maleah Diallo,0,Solar energy,No,"Other or combination (specify in ""comments"")","Stabilizer, earthing; solar energy is right for EPI",10,"The head of the center is also responsible for the lab said it did not need training, his concern is to have a staff fixed holder in the lab",,,,,No,No,100,0,N / A,,0,N / A,0,,0,,0,,0,,11.579938,-12.46152,1,0,0,1,Sputum and stool,Guinea.labe.lelouma.cs_lab_lafou,0,0,0,0,0,1,0,0,0,0,
71,public,labe,koubia,hp,Dr.Michael SCOTT,hp labs koubia,Fatoumata Baldé Batoury,0,Solar energy,Yes,Any,"Solar panels just to supply the refrigerator, there is a generator at the hospital that serves only to caesarean sections",24,Hematology,Biochemistry,Bacteriology,serology,Parasitology,No,No,20,1,Yes,,3,No,0,,0,,0,,0,,11.588973,-11.897174,0,1,1,1,"Hemoglobin, TS, TC, TE, GE, HBs antigen, testing of large, Widal, ASO, TPHA, VS, stool and urine microscopy",Guinea.labe.koubia.hp_labs_koubia,0,1,1,1,0,1,0.25,1,1,1,hematology;biochemistry;bacteriology;serology;parasitology
72,private,labe,mali,cs,Dr.Deborah WALKER,cs lab yimberen,Hadja Kadiatou Diallo (the lab was built by her and she supports its operation),0,Generator,Yes,Stabilizer,microscope supply for group,8,Tubrculose,Malaria,Hematology,serology,Bacteriology,No,No,39,1,Yes,,0,N / A,0,,0,,0,,0,,11.815032,-12.350151,0,1,0,0,"Complete Blood Count, Reviews of stools, Drop, hemoglobin, hemoglobin, Emmel test, BELONGING time, coagulation time, Widal, glucose, urinalysis, SRV, Albumin, BW (RPR), sputum examination ",Guinea.labe.mali.cs_lab_yimbèren,1,0,1,1,0,0,0,1,1,1,bacilloscopy tuberculosis;malaria;hematology;serology;bacteriology
73,public,labe,mali,hp,Dr.Donald JOHNSON,hp labs mali,Mamadou Aliou Souaré,1,Generator,Yes,"Other or combination (specify in ""comments"")","UPS, stabilizer, lightning rod",1,Biochemistry,antibiogramme,Immunology,Bacteriology,Virology,No,No,81,1,No,technical issues,1,Yes,0,,0,,0,,0,,12.068484,-12.293811,1,0,0,0,"Saddles, NFS, Haemostasis, VS, GE, Smear, TDR, TE, ASO, IL, TPHA, HIV, Grouping, glucose, liver tests, urinalysis, urine chemistry, ECB secretion, Bacteriology, ECB CSF chemistry CSF Coughing",Guinea.labe.mali.hp_labs_mali,1,1,1,1,0,0,1,1,0,0,biochemistry;antibiogramme;immunology;bacteriology;virology
74,Public,labe,labe,ssa,Dr.Lisa BAKER,laoratoire infirmary labe (lapissa),2nd HABA Grandpa Maurice class ,1,public network,,Any,,13,Biochemistry,serology,Parasitology,immunology,Hematology,Yes,No,15,0,,,0,,No2,,No2,,No2,,No2,,,,1,1,1,0,,Guinea.labe.labe.laoratoire_infirmary_labe_(lapissa),0,0,0,0,1,1,0,0,0,0,biochemistry;serology;parasitology;immunology;hematology
75,public,mamou,mamou,hr,Dr.Betty MILLER,lab hr mamou,Ibrahima Fofana,1,public network,Yes,"Other or combination (specify in ""comments"")","UPS, stabilizer, lightning rod, grounding",18,Biochemistry,Bacteriology,Immunology,Hematology,Parasitology,No,No,76,0,N / A,,2,Yes,0,,0,,0,,0,,10.37594,-1208705,1,0,1,1,"Semen analysis, RPR TPHA, ASO, HBs, Pregnancy test, blood count, hematocrit, hemoglobin, Emmel, microscopy feces, urine strips, parasitology urine, blood sugar",Guinea.mamou.mamou.lab_hr_mamou,1,1,1,1,1,0,1,1,1,1,biochemistry;bacteriology;immunology;hematology;parasitology
76,public,mamou,mamou,cs,Dr.Matthew KING,cs lab sabou,Cécé Paquilé Balamou,1,public network,No,Taken from the ground,,28,Hematology,serology,Parasitology,Bacteriology,Immunology,No,No,42,1,Yes,,0,N / A,0,,0,,0,,0,,10.387645,-12.074002,1,0,0,1,"HIV TDR Saddles, glucose, Widal",Guinea.mamou.mamou.cs_lab_sabou,1,1,1,0,1,0,1,1,1,0,hematology;serology;parasitology;bacteriology;immunology
77,public,mamou,mamou,cs,Dr.William HALL,cs lab timbo,Aboubacar Dioubaté,0,Any,Yes,Any,"The generator does not work, there is a non-functional panel",1,Hematology,Bacteriology,Biochemistry,serology,Parasitology,No,No,75,2,1 Yes 1 No,electric current lack,0,N / A,0,,0,,0,,0,,10.63919,-11.826093,0,1,1,1,"SRV, TB, Albumin, Saddles",Guinea.mamou.mamou.cs_lab_timbo,1,0,0,0,0,0,0,1,0,0,hematology;bacteriology;biochemistry;serology;parasitology
78,public,mamou,dalaba,hp,Dr.Elizabeth WHITE,hp labs dalaba,Hadja Binta Barry,1,public network,No,"Other or combination (specify in ""comments"")",stabilizer and lightning rod; electricity is not stable in the dry season,5,biosecurity,Biochemistry,Bacteriology,serology,Hematology,No,No,68,1,Yes,,1,Yes,0,,0,,0,,0,,10.691967,-12.249348,1,1,0,0,"NFS, urinary, vaginal Secretion Base, parasitological examination of stool, RPR / TPHA, ASO, Widal, Blood Grouping and rhesus factor, skin Bropsi (daytime), BELONGING time and clotting time, thick Drop, Blood Sugar ",Guinea.mamou.dalaba.hp_labs_dalaba,0,0,1,0,0,0,0,0,0,1,biosecurity;biochemistry;bacteriology;serology;hematology
79,public,mamou,dalaba,cs,Dr.Dorothy ROBINSON,csu lab dalaba,Abou Camara,1,public network,No,Any,,29,Biochemistry,Hematology,biosecurity,Parasitology,serology,No,No,32,1,Yes,,0,N / A,0,,0,,0,,0,,10.692203,-12.251007,1,1,0,1,"Search Baccil resistant alkaloids (AFB), TDR, Drop Thick (rarely), Widal, Saddle, White Blood Cell (GB), TPHA, HIV, THb",Guinea.mamou.dalaba.csu_lab_dalaba,1,1,1,0,0,1,1,0,1,1,biochemistry;hematology;biosecurity;parasitology;serology
80,public,mamou,pita,cs,Dr.Jennifer MILLER,pita csu lab,Alpha Oumar Diallo,1,public network,No,Stabilizer,,10,Bacteriology,Hematology,Parasitology,serology,Immunology,No,No,98,1,Yes,,0,N / A,0,,0,,0,,0,,11.061615,-12.398185,0,1,0,1,"TDR, hemoglobin, albumin, seats, thick Drop",Guinea.mamou.pita.pita_csu_lab,0,1,0,1,1,1,1,0,0,1,bacteriology;hematology;parasitology;serology;immunology
81,public,mamou,pita,hp,Dr.Amanda DAVIS,hp pita lab,Dr Mamadou Pallé Diallo,1,public network,Yes,"Other or combination (specify in ""comments"")","Stabilizer, lightning rod, earthing; electricity 24h / 24h but regular breaks during low water",25,Hematology,Bacteriology,serology,Blood biochemistry ,Immunology,No,No,58,2,Yes,,3,Yes,0,,0,,0,,0,,11.064208,-12.393764,0,1,0,0,"NFS Thick blood, erythrocyte sedimentation rate, Haemostasis, of emmel Test, HIV, ASO, IL, Widal, Socket urinary, vaginal secretions, blood sugar, urine strips, Blood Grouping, compatibility test, stool parasitology",Guinea.mamou.pita.hp_pita_lab,1,0,1,0,1,0,1,1,1,0,hematology;bacteriology;serology;blood biochemistry;immunology
82,public,mamou,pita,cs,Dr.Joseph RODRIGUEZ,cs lab timbi madina,Maimouna Bah,1,public network,No,Any,,19,Hematology,Bacteriology,serology,Parasitology,Biochemistry,No,No,51,2,1 Yes 1 No,Breakdown,0,N / A,0,,0,,0,,0,,11.202777,-12.537829,1,0,1,1,"Hemoglobin, Emmel test, thick drops, glucose, Saddles, albumin, sugar, urine biochemistry, Widal, RPR / TPHA, Blood Grouping, bHCG",Guinea.mamou.pita.cs_lab_timbi_madina,0,0,1,1,0,1,0,0,1,0,hematology;bacteriology;serology;parasitology;biochemistry
83,private,mamou,mamou,sectarian,Dr.Rebecca WILLIAMS,denominational hospital lab compassion,Guilavogui Samuel,1,Solar energy,Yes,Taken from the ground,,23,Biochemistry,antibiogramme,Parasitology,Sérélogie,Hematology,No,No,90,3,Yes,,1,Yes,0,,0,,0,,0,,,,1,1,0,0,"NFS, VS, TC, TS, Hematocrit, Skin biopsy",Guinea.mamou.mamou.denominational_hospital_lab_compassion,0,0,0,1,0,0,0,0,0,1,biochemistry;antibiogramme;parasitology;serology;hematology
84,Public,mamou,mamou,ssa,Dr.Timothy WHITE,mamou independent battalion laboratory,Adjudent Abdouramane DIALLO,,,,,,13,,,,,,NO,No,55,,,,,,0,,0,,0,,0,,,,0,1,1,1,,Guinea.mamou.mamou.mamou_independent_battalion_laboratory,0,0,0,0,0,0,1,0,0,0,
85,public,n'zerekore,yomou,hp,Dr.Edward BAKER,hp labs yomou,Bore Kaliva,0,Other,No,Any,"No source of operating energy, 2 non functional groups életrogènes no fuel, nonfunctional solar panels",22,withdrawals,Coloration,CSF,-,-,Yes,Special Containers given Ebola shipping trouble with coolers that do not return after shipping,27,2,1 Yes 1 No,electric current lack,1,No,0,,0,,0,,0,,7.565662,-9.261331,0,0,1,0,"GE (TDR, microscope), Tx Hb (hemoglobin meter Sally), GB, leukocyte formula, test Emmel, direct examination of stool (parasitological), microfilariae research, urinary sediment, LCR (direct examination, Gram and Ziehl) research BK, urine strips (Biochemistry), RPR, Widal, ASO, TDR HBV, HCV TDR TDR HIV, blood grouping (serum and erythrocyte not)",Guinea.n'zerekore.yomou.hp_labs_yomou,1,1,1,1,0,1,1,1,1,1,withdrawals;coloration;csf
86,public,n'zerekore,n'zerekore,hr,Dr.Jennifer ANDERSON,hr n'zerekore lab,Théa Jean Joseph,1,Generator,Yes,"Other or combination (specify in ""comments"")","Lightning, earthing, 2 hours of electricity per day",18,Hematology,Biochemistry,Blood transfusion,Bacteriology,biomol,Yes,Triple packaging,40,3,No,"vetuste, lack of electricity",3,"Other (specify in ""comments"")",0,,0,,0,,1,Access cléfs given by Reguilab,7.749241,-8.822701,0,1,1,1,GE; TDR forrmule leukocyte; stools; microfilaria research; urinary sediment; CRL BK; dipstick; RPR; Widal; aslo; SRV; transfusion hepatitis B and C GLYCAEMIA,Guinea.n'zerekore.n'zerekore.hr_n'zerekore_lab,0,0,0,0,1,0,0,0,0,0,hematology;biochemistry;blood transfusion;bacteriology;molecular biology
87,public,n'zerekore,n'zerekore,cs,Dr.Rebecca CLARK,csu lab dorota,Aissata Koulibaly,0,,No,Any,,3,Biochemistry,Hematology,serology,Bacteriology,Parasitology,No,No,34,1,Yes,,0,,0,,0,,0,,0,,7.756512,-8.809767,0,0,0,1,"Hemoglobin, saddles, albumin in urine, RPR, Widal, TBR, urinalysis, emmel of test, research microfilariae, TDR HIV, glucose (lack of strips) ",Guinea.n'zerekore.n'zerekore.csu_lab_dorota,0,0,0,0,0,0,0,0,0,0,biochemistry;hematology;serology;bacteriology;parasitology
88,public,n'zerekore,macenta,cs,Dr.Brian THOMPSON,cs lab seredou,Konomou Agatte Angeline,0,Any,No,Any,,7,Hematology,Parasitology,biosecurity,Lab Management,serology,No,No,49,1,Yes,,0,N / A,0,,0,,0,,0,,8.374683,-9.284422,1,1,0,0,stools; TDR malaria; HIV; Hb; albumin; TB,Guinea.n'zerekore.macenta.cs_lab_seredou,1,1,0,1,0,0,0,1,0,1,hematology;parasitology;biosecurity;lab management;serology
89,public,n'zerekore,gueckedou,cs,Dr.Michael JACKSON,laboratory cs nongoa,Tamba Nicola Tinguiano,0,Any,No,Any,,22,Biochemistry,Hematology,Parasitology,Immunology,Virology,No,No,83,1,Yes,,0,N / A,0,,0,,0,,0,,8.504435,-10.334097,0,0,0,1,TDR malaria; GE; Albumin; Hb; Widal; RPR; stools; TDR HIV,Guinea.n'zerekore.gueckedou.laboratory_cs_nongoa,1,1,1,1,0,0,1,1,1,0,biochemistry;hematology;parasitology;immunology;virology
90,,n'zerekore,macenta,hospital,Dr.Ashley LEE,laboratory medical center philafricaine mission,Onivogui Sosso,1,Solar energy,Yes,UPS,,16,Blood transfusion,biochemistry,Hematology,antibiogramme,Immunology,No,No,84,2,Yes,,0,N / A,0,,0,,0,,0,,8.536802,-9.464948,0,0,1,0,"Hb; NFS; VS; YOU; Tc Ts; blood grouping; Uric acid; aminotransferase; albumin; amylase; bilirubin; creatinine; CRP, LDH, alkaline phosphatase, total protein, triglycerides, urea; Aslo; Glucose; urinary strip; research BK; Meadow; HIV, syphilis; spermogram; rivalta; CD4; pregnancy test",Guinea.n'zerekore.macenta.laboratory_medical_center_philafricaine_mission,1,0,1,0,0,0,0,1,0,1,blood transfusion;biochemistry;hematology;antibiogramme;immunology
91,public,n'zerekore,beyla,cs,Dr.Thomas HALL,laboratory cs diakolidou,Golden Tiamé,0,Any,No,Any,,4,Biochemistry,serology,Immunology,Bacteriology,Parasitology,No,No,63,0,N / A,,0,N / A,0,,0,,0,,0,,8.687842,-8.647247,1,1,1,1,stools; urinalysis; Albumin; glycosuria; RPR; Widal; HIV; GE; TDR,Guinea.n'zerekore.beyla.laboratory_cs_diakolidou,1,1,1,1,1,0,1,0,1,1,biochemistry;serology;immunology;bacteriology;parasitology
92,public,n'zerekore,beyla,hp,Dr.Kimberly MILLER,hp labs beyla,Tamba kamano,1,Solar energy,Yes,Any,,22,Biochemistry,Bacteriology,Hematology,serology,Immunology,No,No,6,1,No,manual,0,N / A,0,,0,,0,,0,,8.689312,-8.645898,1,1,1,1,"Hb; GE; TDR malaria; stools; urine cytology; Widal; RPR; TDR HIV, HBsAg; HBcAg; blood grouping; Transaminase; uric acid, creatinine, urea; BK",Guinea.n'zerekore.beyla.hp_labs_beyla,1,1,1,0,1,0,0,0,1,1,biochemistry;bacteriology;hematology;serology;immunology
93,public,n'zerekore,gueckedou,hp,Dr.Brian SCOTT,hp labs gueckedou,Mansaré Oumare,1,Generator,Yes,Stabilizer,They have the power 11:30 to 16h,5,Quality assurance,Molecular biology,Immunology,serology,Biochemistry,No,No,79,1,Yes,,3,"Other (specify in ""comments"")",0,,0,,0,,0,,,,0,1,0,1,"THb, TDR Palu, GE, NFS, VS, CD4 (the MSF time), Widal, Hepatitis B and C, syphilis, HIV, ASO, TE, TS, TC, glucose, Créatinini, Transaminases, Urea, Billuribine, Triglyceride, cholesterol, alkaline phosphatase",Guinea.n'zerekore.gueckedou.hp_labs_gueckedou,1,1,1,0,1,0,1,1,0,0,quality assurance;molecular biology;immunology;serology;biochemistry
94,public,n'zerekore,macenta,hp,Dr.Susan GREEN,hp macenta lab,Diawara Bangaly,1,public network,Yes,Any,They 4h current dry season and rainy season 10am,14,Hematology,Biochemistry,Bacteriology,Sample Collection,Sero-Immunology,No,No,41,4,"Other (specify in ""comments"")",Vetuste and manual,1,Yes,0,,0,,0,,0,,,,1,1,0,1,"Saddles, Search microfilaria, parasitology urine, THb, VS, NFS, TS, TC, TE, glucose, chemistry urine, RPR / TPHA, Blood Grouping / Factor rhesus HIV Widal, urinalysis, CSF, Semen analysis, TDR, GE",Guinea.n'zerekore.macenta.hp_macenta_lab,1,1,1,0,0,0,1,1,0,0,hematology;biochemistry;bacteriology;sample collection;sero-immunology
95,public,n'zerekore,gueckedou,cs,Dr.Carol BAKER,csu lab mangala,Soumaoro Mathoma,0,Any,No,Any,,15,Bacteriology,Hematology,serology,Biochemistry,,No,No,88,0,N / A,,0,N / A,0,,0,,0,,0,,,,0,1,1,1,"THb, TDR Palu, TB, urine, albumin, Deposit, Saddles",Guinea.n'zerekore.gueckedou.csu_lab_mangala,0,1,0,1,0,0,0,1,1,1,bacteriology;hematology;serology;biochemistry
96,public,n'zerekore,macenta,cs,Dr.Barbara HILL,cs lab patrice,Kourouma Lancinet,0,Any,No,Any,,2,Bacteriology,Hematology,serology,Biochemistry,Parasitology,No,No,59,1,Yes,,0,N / A,0,,0,,0,,0,,,,0,1,1,1,"Widal, TDR Palu, Seats, urinalysis, pregnancy test, THb, RPR",Guinea.n'zerekore.macenta.cs_lab_patrice,0,1,1,1,0,0,1,1,0,0,bacteriology;hematology;serology;biochemistry;parasitology
97,public,n'zerekore,beyla,cmc,Dr.Mark MARTIN,sinko cmc labo,Samoura Mamadou,1,Solar energy,No,Any,,28,Parasitology,Hematology,serology,Bacteriology,Biochemistry,No,No,85,,,,,,No2,,No2,,No2,,No2,,,,1,1,0,1,,Guinea.n'zerekore.beyla.sinko_cmc_labo,0,0,0,0,0,0,0,0,0,1,parasitology;hematology;serology;bacteriology;biochemistry
98,public,n'zerekore,boola,cs,Dr.David HALL,cs lab boola,Loua Alphonsine,0,Any,No,Taken from the ground,,4,Biochemistry,Hematology,Parasitology,serology,,No,No,9,0,N / A,,0,N / A,0,,0,,0,,0,,,,0,1,0,0,"THb, Saddles, Albumin, TDR Palu",Guinea.n'zerekore.boola.cs_lab_boola,0,1,0,1,0,0,0,1,1,1,biochemistry;hematology;parasitology;serology
99,public,n'zerekore,n'zerekore,ssa,Dr.Joseph ADAMS,,LAPISSA,0,,No,any,,24,biochemistry,hematology,bacteriology,parasitology,biosecurity,Yes,No,84,1,Yes,,0,,0,,0,,0,,0,,,,,,,,,,0,0,0,0,0,1,0,0,0,0,biochemistry;hematology;bacteriology;parasitology;biosecurity
100,,dalaba,mamou,hn,Dr.David WILSON,hn issmv dalaba,,,,,,,,,,,,,,,,,,,,,,,,,,,,,10.683956,-12.2564667,,,,,,,1,1,1,1,1,1,1,1,0,0.5,
101,,matam,conakry,hn,Dr.Kimberly BROWN,hn lfhv donka,,,,,,,,,,,,,,,,,,,,,,,,,,,,,9.537593,-13.682726,,,,,,,1,1,1,1,1,1,0,0,1,1,
102,,mamou,mamou,hn,Dr.Carol YOUNG,hn ist mamou,,,,,,,,,,,,,,,,,,,,,,,,,,,,,10.349319,-12.096429,,,,,,,1,1,1,1,1,1,1,1,1,1,
103,,kindia,kindia,hn,Dr.Thomas WRIGHT,hn irbag kindia,,,,,,,,,,,,,,,,,,,,,,,,,,,,,10.090093,-12.841945,,,,,,,1,1,1,1,1,1,1,0,0,0,
104,,matam,conakry,hn,Dr.Paul BAKER,hn chu ignace deen,,,,,,,,,,,,,,,,,,,,,,,,,,,,,9.5068,-13.705,,,,,,,1,1,1,1,1,1,0,1,1,1,
105,,forecariah,kindia,hn,Dr.George JONES,hn cfrsr maferinyah,,,,,,,,,,,,,,,,,,,,,,,,,,,,,9.33,-13.17,,,,,,,1,1,1,1,1,1,1,1,1,0,
,,,,,Dr.Robert MARTINEZ,,,,,,,,,,,,,,,,,,,,,,,,,,,,,,,,,,,,,,,,,,,,,,,,
,,,,,Dr.Elizabeth GONZALEZ,,,,,,,,,,,,,,,,,,,,,,,,,,,,,,,,,,,,,,,,,,,,,,,,
